Date/Time,Close Date,Instrument,Trade Side,Quantity,Entry Price,Exit Price,Fee,Realized PnL,Strategy
2025-11-01 17:00:37,2025-11-01 21:44:37,BTCUSD,long,0.74,3574.14,30495.4,-0.67,38.35,range fade
2025-11-02 13:13:41,2025-11-02 18:12:41,BTCUSD,long,1.9,37874.49,35021.51,-0.78,181.32,range fade
2025-11-02 20:54:51,2025-11-02 23:32:51,SPX500,long,0.3,7155.76,18578.06,-4.17,346.22,mean reversion
2025-11-03 06:25:05,2025-11-03 07:07:05,BTCUSD,long,1.24,29835.23,31950.04,-4.0,228.14,range fade
2025-11-04 08:19:37,2025-11-04 10:01:37,ETHUSD,short,0.17,18084.92,29757.47,-2.05,114.4,range fade
2025-11-05 00:07:01,2025-11-05 03:12:01,ETHUSD,long,1.87,25359.73,57724.94,-0.85,178.89,trend follow
2025-11-05 17:40:52,2025-11-05 21:43:52,BTCUSD,short,1.68,56686.4,28498.49,-3.49,-151.28,breakout
2025-11-07 00:32:26,2025-11-07 04:30:26,US30,short,1.44,53233.71,20885.61,-4.73,-248.38,trend follow
2025-11-07 12:15:15,2025-11-07 14:52:15,ETHUSD,long,1.48,23934.07,55017.29,-2.73,102.92,mean reversion
2025-11-08 09:31:36,2025-11-08 14:22:36,US30,short,1.42,59189.38,40995.11,-2.21,-207.53,mean reversion
2025-11-08 20:39:28,2025-11-08 20:55:28,SPX500,long,1.66,11022.34,16987.65,-1.16,270.24,trend follow
2025-11-09 23:23:29,2025-11-10 03:56:29,BTCUSD,short,0.92,52271.67,57117.98,-3.56,-177.27,range fade
2025-11-10 18:55:33,2025-11-10 19:36:33,ETHUSD,short,0.14,12604.91,9821.96,-2.03,261.03,breakout
2025-11-11 04:24:24,2025-11-11 04:47:24,BTCUSD,long,1.75,36882.73,8998.17,-1.64,-238.0,trend follow
2025-11-12 06:53:03,2025-11-12 11:01:03,SPX500,short,0.97,5244.49,6221.04,-2.04,342.6,trend follow
2025-11-13 05:09:27,2025-11-13 09:49:27,US30,long,0.3,32636.03,1719.85,-2.88,97.98,breakout
2025-11-14 10:49:41,2025-11-14 14:01:41,ETHUSD,short,1.07,46765.39,19846.93,-1.5,365.14,mean reversion
2025-11-15 20:14:05,2025-11-16 00:49:05,SPX500,short,0.72,1835.91,1773.43,-1.76,-68.28,trend follow
2025-11-16 08:49:07,2025-11-16 11:57:07,US30,short,0.17,6219.21,28257.79,-2.02,376.07,range fade
2025-11-17 12:02:13,2025-11-17 12:55:13,BTCUSD,long,1.82,46959.94,45033.41,-2.65,268.13,mean reversion
2025-11-18 08:47:25,2025-11-18 12:19:25,SPX500,short,0.81,56813.14,43515.44,-1.27,379.54,mean reversion
2025-11-18 15:43:37,2025-11-18 19:55:37,US30,short,0.32,32942.31,1381.66,-4.1,-49.35,breakout
2025-11-19 15:37:51,2025-11-19 17:35:51,BTCUSD,long,0.51,17648.7,14508.31,-3.14,351.26,trend follow
2025-11-20 16:08:20,2025-11-20 20:12:20,SPX500,long,1.66,52702.31,7932.72,-1.18,301.17,breakout
2025-11-22 03:48:51,2025-11-22 05:14:51,ETHUSD,long,0.29,37184.16,7308.16,-0.78,-197.37,range fade
2025-11-23 12:28:46,2025-11-23 14:15:46,US30,long,0.09,5954.94,27185.34,-0.63,-28.35,breakout
2025-11-24 09:33:00,2025-11-24 14:16:00,SPX500,long,1.02,14934.58,31440.26,-4.44,-121.3,trend follow
2025-11-25 22:55:28,2025-11-26 00:07:28,SPX500,long,0.89,4445.51,14514.26,-0.83,-47.23,trend follow
2025-11-27 07:34:42,2025-11-27 10:51:42,ETHUSD,long,0.51,8321.55,28117.38,-3.86,-166.21,breakout
2025-11-28 03:07:09,2025-11-28 05:11:09,ETHUSD,short,1.42,59644.95,24288.2,-2.4,273.78,trend follow
2025-11-28 19:56:56,2025-11-28 23:51:56,BTCUSD,short,0.77,31094.29,17797.7,-4.82,230.54,breakout
2025-11-30 11:26:31,2025-11-30 13:51:31,US30,long,0.09,46761.95,16299.72,-1.08,-39.62,range fade
2025-12-01 22:19:40,2025-12-02 02:52:40,SPX500,short,1.4,5458.79,3545.84,-3.6,223.91,range fade
2025-12-03 10:46:03,2025-12-03 13:09:03,BTCUSD,short,1.22,13422.24,15940.61,-1.05,-164.09,breakout
2025-12-04 04:17:55,2025-12-04 05:33:55,BTCUSD,short,1.06,14382.33,6656.14,-1.23,-77.95,breakout
2025-12-04 16:27:27,2025-12-04 18:22:27,US30,short,0.9,40362.22,16304.29,-4.12,-139.81,trend follow
2025-12-04 23:42:50,2025-12-05 01:29:50,SPX500,long,0.5,26878.63,39533.39,-3.43,-144.5,range fade
2025-12-06 00:16:29,2025-12-06 02:16:29,ETHUSD,short,0.69,49953.96,42432.85,-3.36,-87.33,range fade
2025-12-07 15:54:56,2025-12-07 18:14:56,SPX500,long,0.33,5160.64,50492.01,-4.42,-18.35,trend follow
2025-12-08 18:16:27,2025-12-08 20:43:27,SPX500,short,0.02,21912.07,19802.68,-4.93,90.43,trend follow
2025-12-09 08:35:07,2025-12-09 11:36:07,SPX500,short,0.18,16807.84,39395.47,-1.62,89.52,breakout
2025-12-09 17:40:27,2025-12-09 21:11:27,BTCUSD,long,0.61,37817.23,5160.51,-4.81,242.98,mean reversion
2025-12-10 22:01:51,2025-12-11 02:24:51,ETHUSD,short,0.58,37160.56,8770.66,-4.21,-184.36,range fade
2025-12-12 04:58:54,2025-12-12 05:16:54,ETHUSD,long,0.18,2607.54,38263.48,-4.82,-191.92,range fade
2025-12-13 15:23:59,2025-12-13 17:38:59,SPX500,long,0.53,27471.22,4299.68,-4.7,-162.16,breakout
2025-12-14 19:48:57,2025-12-14 20:36:57,US30,long,0.48,45410.84,13921.09,-3.42,-126.36,range fade
2025-12-15 18:36:36,2025-12-15 21:13:36,BTCUSD,short,1.24,38601.5,4740.56,-1.16,365.98,trend follow
2025-12-16 22:45:44,2025-12-17 03:01:44,BTCUSD,short,0.98,58353.29,6061.19,-1.48,-46.36,range fade
2025-12-17 14:39:05,2025-12-17 15:49:05,ETHUSD,short,0.63,5242.67,28429.42,-1.8,197.21,breakout
2025-12-19 00:31:40,2025-12-19 02:28:40,BTCUSD,short,1.17,8590.27,31491.54,-4.79,-105.91,mean reversion
2025-12-20 03:02:32,2025-12-20 05:10:32,SPX500,short,1.8,29219.83,1587.58,-0.52,-180.28,range fade
2025-12-21 08:12:59,2025-12-21 11:18:59,SPX500,short,0.64,50429.84,204.31,-3.88,73.47,range fade
2025-12-21 18:17:52,2025-12-21 20:55:52,US30,long,0.75,23634.67,59927.67,-3.15,-226.87,trend follow
2025-12-23 07:45:43,2025-12-23 08:21:43,US30,short,1.27,9019.97,58265.21,-2.46,-80.95,trend follow
2025-12-23 20:13:00,2025-12-23 20:37:00,SPX500,short,1.83,56447.89,32998.77,-3.74,-115.52,breakout
2025-12-25 09:57:16,2025-12-25 12:33:16,SPX500,short,0.11,55613.95,7725.95,-2.62,306.01,trend follow
2025-12-26 01:32:02,2025-12-26 03:55:02,SPX500,short,1.32,18120.09,33483.57,-2.27,-244.43,mean reversion
2025-12-27 05:24:10,2025-12-27 09:48:10,ETHUSD,long,0.91,20036.77,45578.95,-2.42,364.26,mean reversion
2025-12-27 19:42:06,2025-12-27 21:54:06,US30,long,0.52,34220.1,53246.36,-3.87,54.62,range fade
2025-12-28 14:43:06,2025-12-28 15:24:06,SPX500,long,0.56,58064.35,7639.84,-2.77,148.52,mean reversion
2025-12-28 23:52:00,2025-12-29 03:43:00,US30,long,1.7,52386.17,1406.45,-0.65,265.4,range fade
2025-12-30 14:47:17,2025-12-30 19:27:17,SPX500,short,1.94,14983.07,6631.86,-1.19,168.78,breakout
2026-01-01 04:47:56,2026-01-01 04:57:56,ETHUSD,short,0.47,55203.21,38765.8,-1.87,315.21,mean reversion
2026-01-02 08:05:56,2026-01-02 08:51:56,US30,short,1.05,35015.17,23346.11,-1.51,-41.35,breakout
2026-01-02 14:27:16,2026-01-02 17:18:16,ETHUSD,short,0.96,14162.61,14898.8,-4.82,-80.47,trend follow
2026-01-02 22:20:06,2026-01-03 02:05:06,BTCUSD,long,0.52,40074.57,55517.13,-1.52,276.3,breakout
2026-01-04 03:59:35,2026-01-04 04:12:35,US30,short,1.48,30342.22,12392.59,-4.86,170.62,trend follow
2026-01-05 12:01:56,2026-01-05 14:42:56,BTCUSD,long,1.9,29796.31,11320.06,-1.5,104.15,range fade
2026-01-07 00:59:08,2026-01-07 04:30:08,BTCUSD,long,0.43,58449.77,8600.47,-0.73,-49.4,breakout
2026-01-07 13:14:43,2026-01-07 14:21:43,BTCUSD,short,1.86,19821.64,11212.18,-4.71,-222.64,range fade
2026-01-07 20:19:47,2026-01-08 00:15:47,ETHUSD,short,0.23,4786.7,4937.7,-2.39,-246.47,breakout
2026-01-08 21:24:29,2026-01-09 00:12:29,SPX500,long,0.18,42344.86,11823.38,-2.94,312.12,range fade
2026-01-09 09:58:15,2026-01-09 13:38:15,ETHUSD,short,1.63,46023.41,2534.9,-0.66,-126.52,breakout
2026-01-10 19:17:04,2026-01-10 22:20:04,US30,long,0.55,57465.61,37057.01,-1.68,303.97,trend follow
2026-01-12 08:42:29,2026-01-12 09:25:29,BTCUSD,short,1.65,6524.96,42962.71,-2.6,307.15,range fade
2026-01-13 17:33:41,2026-01-13 21:57:41,ETHUSD,short,0.03,55870.27,18268.56,-3.61,-46.19,mean reversion
2026-01-14 20:12:29,2026-01-14 21:02:29,ETHUSD,short,0.79,9680.25,24524.63,-3.42,-123.28,range fade
2026-01-15 20:59:46,2026-01-15 22:02:46,BTCUSD,short,0.54,5136.55,5875.71,-2.74,182.09,range fade
2026-01-16 08:53:05,2026-01-16 11:03:05,BTCUSD,long,1.56,17706.01,16835.87,-1.7,255.72,trend follow
2026-01-17 15:58:44,2026-01-17 18:08:44,ETHUSD,long,0.57,54463.34,11376.18,-0.79,90.58,trend follow
2026-01-19 07:43:20,2026-01-19 11:50:20,BTCUSD,long,0.21,28538.29,49164.25,-4.28,-38.63,trend follow
2026-01-19 15:05:40,2026-01-19 16:54:40,BTCUSD,short,0.75,51981.03,27001.92,-1.67,39.15,breakout
2026-01-20 00:41:28,2026-01-20 02:03:28,BTCUSD,short,0.42,15369.33,36005.46,-3.43,160.11,mean reversion
2026-01-21 10:23:32,2026-01-21 13:12:32,BTCUSD,short,0.41,47737.34,32927.89,-0.78,161.29,breakout
2026-01-22 19:27:04,2026-01-22 21:00:04,SPX500,long,1.39,24646.36,17069.74,-1.88,-36.42,breakout
2026-01-23 12:04:17,2026-01-23 15:20:17,ETHUSD,short,0.79,24357.91,56525.05,-2.45,26.92,mean reversion
2026-01-24 08:28:44,2026-01-24 12:33:44,ETHUSD,long,0.27,3196.55,8635.56,-4.13,355.48,range fade
2026-01-24 17:30:22,2026-01-24 20:38:22,US30,short,0.33,10389.94,4119.09,-2.23,-55.35,mean reversion
2026-01-25 09:45:40,2026-01-25 10:22:40,SPX500,long,0.18,42767.39,41324.17,-4.51,-128.44,mean reversion
2026-01-26 12:52:36,2026-01-26 14:53:36,BTCUSD,long,0.81,31121.76,23076.22,-1.05,-58.0,mean reversion
