open_time,close_time,symbol,type,volume,open_price,close_price,sl,tp,commission,swap,profit,comment,balance
2025.10.01 02:15:14,2025.10.01 04:14:14,NAS100,buy,0.2,10107.6,10110.307,10057.062,10208.676,-0.7,-1.93,54.14,breaker block,5054.14
2025.10.02 16:26:14,2025.10.02 18:56:14,NAS100,sell,0.2,4307.06,4308.6265,4328.5953,4263.9894,-0.7,-0.09,-31.33,FVG entry,5022.81
2025.10.02 09:54:22,2025.10.02 14:44:22,XAUUSD,buy,0.3,16588.26,16592.88767,16505.3187,16754.1426,-1.05,-0.45,138.83,MSS confirm,5161.64
2025.10.03 12:02:42,2025.10.03 16:02:42,NAS100,sell,0.3,3253.92,3255.419,3270.1896,3221.3808,-1.05,-1.11,-44.97,FVG entry,5116.67
2025.10.04 12:38:40,2025.10.04 17:31:40,NAS100,buy,0.2,13692.6,13698.945,13624.137,13829.526,-0.7,0.11,126.9,OB retest,5243.57
2025.10.05 07:51:20,2025.10.05 09:47:20,NAS100,buy,0.5,7913.24,7912.1476,7873.6738,7992.3724,-1.75,0.29,-54.62,OB retest,5188.95
2025.10.06 08:47:35,2025.10.06 13:15:35,XAUUSD,sell,0.5,1819.1,1816.5534,1828.1955,1800.909,-1.75,-1.88,127.33,breaker block,5316.28
2025.10.06 15:38:04,2025.10.06 16:44:04,NAS100,sell,1.0,15017.81,15016.0413,15092.89905,14867.6319,-3.5,-0.08,176.87,breaker block,5493.15
2025.10.07 08:29:00,2025.10.07 13:57:00,GBPUSD,sell,0.3,1.3025,2.2225,1.30901,1.28947,-1.05,-0.73,-27.6,breaker block,5465.55
2025.10.07 08:34:49,2025.10.07 11:19:49,GBPUSD,buy,0.2,1.06738,5.90588,1.06204,1.07805,-0.7,0.2,96.77,breaker block,5562.32
2025.10.08 03:52:04,2025.10.08 08:30:04,GBPUSD,buy,1.0,1.17694,0.79734,1.17106,1.18871,-3.5,-1.47,-37.96,OB retest,5524.36
2025.10.09 13:45:19,2025.10.09 14:25:19,NAS100,sell,0.3,421.66,422.766,423.7683,417.4434,-1.05,-0.62,-33.18,MSS confirm,5491.18
2025.10.10 05:40:03,2025.10.10 07:37:03,NAS100,buy,1.0,2647.1,2648.1758,2633.8645,2673.571,-3.5,0.34,107.58,liquidity sweep,5598.76
2025.10.10 10:51:26,2025.10.10 11:26:26,NAS100,buy,0.1,1213.19,1228.631,1207.12405,1225.3219,-0.35,-0.18,154.41,MSS confirm,5753.17
2025.10.11 01:12:34,2025.10.11 05:06:34,NAS100,sell,1.0,1959.08,1957.6883,1968.8754,1939.4892,-3.5,-0.37,139.17,OB retest,5892.34
2025.10.12 00:59:48,2025.10.12 01:37:48,EURUSD,buy,0.2,1.16369,5.48419,1.15787,1.17533,-0.7,0.46,86.41,MSS confirm,5978.75
2025.10.13 15:18:27,2025.10.13 20:03:27,XAUUSD,sell,0.1,14959.76,14954.299,15034.5588,14810.1624,-0.35,-1.86,54.61,OB retest,6033.36
2025.10.13 11:10:03,2025.10.13 14:44:03,GBPUSD,buy,0.1,1.33248,12.30848,1.32582,1.3458,-0.35,-0.58,109.76,OB retest,6143.12
2025.10.14 00:26:42,2025.10.14 03:56:42,XAUUSD,sell,0.2,13434.13,13428.1575,13501.30065,13299.7887,-0.7,-1.25,119.45,liquidity sweep,6262.57
2025.10.15 12:00:29,2025.10.15 15:06:29,XAUUSD,buy,0.1,17585.53,17594.29,17497.60235,17761.3853,-0.35,-1.08,87.6,FVG entry,6350.17
2025.10.15 14:39:51,2025.10.15 15:55:51,XAUUSD,buy,0.3,2309.46,2317.156,2297.9127,2332.5546,-1.05,-1.73,230.88,breaker block,6581.05
2025.10.16 11:13:45,2025.10.16 12:08:45,NAS100,sell,0.5,16587.13,16581.7958,16670.06565,16421.2587,-1.75,-1.89,266.71,breaker block,6847.76
2025.10.16 02:10:47,2025.10.16 03:34:47,NAS100,sell,1.0,721.53,720.2509,725.13765,714.3147,-3.5,-1.08,127.91,breaker block,6975.67
2025.10.17 07:19:23,2025.10.17 12:13:23,EURUSD,buy,0.5,1.34215,2.77095,1.33544,1.35557,-1.75,-0.13,71.44,liquidity sweep,7047.11
2025.10.18 08:51:51,2025.10.18 12:29:51,NAS100,sell,0.2,5336.85,5323.073,5363.53425,5283.4815,-0.7,-0.03,275.54,FVG entry,7322.65
2025.10.19 15:14:12,2025.10.19 15:34:12,EURUSD,sell,0.2,1.16954,-6.26496,1.17539,1.15784,-0.7,-1.3,148.69,liquidity sweep,7471.34
2025.10.19 14:41:32,2025.10.19 17:04:32,NAS100,sell,0.1,2168.94,2153.017,2179.7847,2147.2506,-0.35,-0.91,159.23,FVG entry,7630.57
2025.10.20 11:32:07,2025.10.20 16:15:07,NAS100,buy,0.2,7285.07,7293.133,7248.64465,7357.9207,-0.7,-1.83,161.26,liquidity sweep,7791.83
2025.10.21 09:42:54,2025.10.21 12:21:54,NAS100,sell,1.0,2546.63,2545.2119,2559.36315,2521.1637,-3.5,-0.95,141.81,breaker block,7933.64
2025.10.22 13:39:36,2025.10.22 16:31:36,NAS100,buy,0.5,8836.28,8839.8098,8792.0986,8924.6428,-1.75,-0.31,176.49,liquidity sweep,8110.13
2025.10.23 13:42:05,2025.10.23 15:45:05,NAS100,sell,0.2,2947.93,2952.391,2962.66965,2918.4507,-0.7,-1.88,-89.22,FVG entry,8020.91
2025.10.24 12:29:26,2025.10.24 12:39:26,EURUSD,buy,0.1,1.28353,16.93553,1.27711,1.29637,-0.35,-1.45,156.52,MSS confirm,8177.43
2025.10.25 15:03:35,2025.10.25 19:57:35,NAS100,buy,1.0,6346.64,6348.4354,6314.9068,6410.1064,-3.5,-0.11,179.54,MSS confirm,8356.97
2025.10.26 16:27:53,2025.10.26 18:41:53,GBPUSD,sell,0.3,1.27974,3.00041,1.28614,1.26694,-1.05,-0.7,-51.62,OB retest,8305.35
2025.10.26 07:45:18,2025.10.26 11:09:18,NAS100,sell,0.2,14128.68,14130.3995,14199.3234,13987.3932,-0.7,-1.84,-34.39,liquidity sweep,8270.96
2025.10.27 10:03:13,2025.10.27 15:05:13,EURUSD,sell,0.5,1.19309,2.58349,1.19906,1.18116,-1.75,0.36,-69.52,breaker block,8201.44
2025.10.27 10:34:47,2025.10.27 13:34:47,XAUUSD,buy,0.5,14483.9,14485.6976,14411.4805,14628.739,-1.75,0.1,89.88,MSS confirm,8291.32
2025.10.29 21:01:58,2025.10.29 21:34:58,NAS100,buy,0.3,7582.7,7580.943,7544.7865,7658.527,-1.05,-1.47,-52.71,FVG entry,8238.61
2025.10.29 15:17:48,2025.10.29 15:51:48,GBPUSD,sell,0.3,1.11727,3.90127,1.12286,1.1061,-1.05,-1.83,-83.52,liquidity sweep,8155.09
2025.10.30 00:15:12,2025.10.30 02:14:12,EURUSD,buy,0.5,1.25984,5.66584,1.25354,1.27244,-1.75,-0.08,220.3,OB retest,8375.39
2025.10.31 12:49:52,2025.10.31 16:09:52,NAS100,sell,0.5,18829.47,18823.9598,18923.61735,18641.1753,-1.75,-1.5,275.51,FVG entry,8650.9
2025.11.01 13:06:44,2025.11.01 16:23:44,EURUSD,buy,0.1,1.20179,-4.87221,1.19578,1.21381,-0.35,-1.15,-60.74,breaker block,8590.16
2025.11.02 12:27:23,2025.11.02 14:53:23,XAUUSD,sell,1.0,16164.18,16160.8219,16245.0009,16002.5382,-3.5,-0.65,335.81,OB retest,8925.97
2025.11.02 11:17:20,2025.11.02 16:37:20,EURUSD,buy,0.5,1.15092,-0.07148,1.14517,1.16243,-1.75,-0.76,-61.12,liquidity sweep,8864.85
2025.11.03 09:51:16,2025.11.03 13:27:16,NAS100,sell,0.5,11103.97,11100.7554,11159.48985,10992.9303,-1.75,-1.4,160.73,breaker block,9025.58
2025.11.03 15:50:01,2025.11.03 20:00:01,NAS100,buy,1.0,10618.91,10618.1898,10565.81545,10725.0991,-3.5,-0.94,-72.02,MSS confirm,8953.56
2025.11.04 10:17:19,2025.11.04 11:59:19,NAS100,buy,0.2,4328.48,4345.9245,4306.8376,4371.7648,-0.7,-0.79,348.89,OB retest,9302.45
2025.11.05 21:38:18,2025.11.06 02:19:18,GBPUSD,buy,0.2,1.13229,4.86029,1.12663,1.14361,-0.7,0.44,74.56,liquidity sweep,9377.01
2025.11.06 13:40:55,2025.11.06 15:22:55,EURUSD,buy,0.1,1.12574,19.98774,1.12011,1.137,-0.35,0.15,188.62,FVG entry,9565.63
2025.11.06 03:04:36,2025.11.06 05:19:36,XAUUSD,buy,0.1,11161.9,11179.783,11106.0905,11273.519,-0.35,-0.96,178.83,OB retest,9744.46
2025.11.07 16:24:28,2025.11.07 21:44:28,GBPUSD,sell,0.1,1.33428,9.38928,1.34095,1.32094,-0.35,-1.48,-80.55,breaker block,9663.91
2025.11.08 13:15:11,2025.11.08 13:39:11,XAUUSD,buy,0.2,5762.81,5774.8955,5733.99595,5820.4381,-0.7,-1.29,241.71,FVG entry,9905.62
2025.11.09 01:59:16,2025.11.09 04:23:16,EURUSD,buy,0.2,1.07142,6.37392,1.06606,1.08213,-0.7,-1.59,106.05,MSS confirm,10011.67
2025.11.09 16:58:18,2025.11.09 21:18:18,NAS100,sell,0.5,1609.76,1611.8118,1617.8088,1593.6624,-1.75,-1.9,-102.59,liquidity sweep,9909.08
2025.11.10 09:01:05,2025.11.10 13:34:05,NAS100,buy,0.5,18321.54,18320.2776,18229.9323,18504.7554,-1.75,-1.55,-63.12,liquidity sweep,9845.96
2025.11.11 15:05:30,2025.11.11 19:26:30,NAS100,sell,0.3,13252.01,13254.69533,13318.27005,13119.4899,-1.05,-1.0,-80.56,liquidity sweep,9765.4
2025.11.12 00:20:16,2025.11.12 04:24:16,NAS100,sell,0.5,1085.03,1086.636,1090.45515,1074.1797,-1.75,-0.7,-80.3,breaker block,9685.1
2025.11.13 10:48:03,2025.11.13 16:18:03,NAS100,buy,1.0,15986.48,15988.0427,15906.5476,16146.3448,-3.5,-0.23,156.27,liquidity sweep,9841.37
2025.11.13 03:05:14,2025.11.13 05:42:14,GBPUSD,buy,1.0,1.26162,0.68792,1.25531,1.27424,-3.5,-0.96,-57.37,MSS confirm,9784.0
2025.11.14 10:35:09,2025.11.14 15:02:09,NAS100,buy,0.3,16411.17,16419.46533,16329.11415,16575.2817,-1.05,-1.29,248.86,FVG entry,10032.86
2025.11.14 15:55:09,2025.11.14 18:47:09,NAS100,sell,0.2,19615.51,19603.5155,19713.58755,19419.3549,-0.7,-1.4,239.89,liquidity sweep,10272.75
2025.11.15 15:02:20,2025.11.15 16:27:20,XAUUSD,sell,0.5,19296.52,19298.7842,19393.0026,19103.5548,-1.75,-1.68,-113.21,MSS confirm,10159.54
2025.11.16 07:55:54,2025.11.16 09:22:54,NAS100,sell,0.1,9390.34,9399.544,9437.2917,9296.4366,-0.35,0.42,-92.04,FVG entry,10067.5
2025.11.17 12:54:21,2025.11.17 17:39:21,EURUSD,sell,0.1,1.23524,11.17524,1.24142,1.22289,-0.35,-1.41,-99.4,liquidity sweep,9968.1
2025.11.17 08:47:05,2025.11.17 09:18:05,NAS100,buy,0.3,15923.07,15935.13833,15843.45465,16082.3007,-1.05,-1.27,362.05,FVG entry,10330.15
2025.11.18 04:26:36,2025.11.18 06:37:36,XAUUSD,buy,0.5,18256.67,18261.0806,18165.38665,18439.2367,-1.75,-1.64,220.53,OB retest,10550.68
2025.11.19 09:42:00,2025.11.19 12:46:00,EURUSD,sell,1.0,1.13975,1.80655,1.14545,1.12835,-3.5,0.41,-66.68,liquidity sweep,10484.0
2025.11.20 09:12:24,2025.11.20 11:51:24,EURUSD,buy,0.1,1.34338,17.34638,1.33666,1.35681,-0.35,-0.35,160.03,OB retest,10644.03
2025.11.20 12:58:38,2025.11.20 18:23:38,XAUUSD,sell,0.3,13555.61,13558.669,13623.38805,13420.0539,-1.05,-0.2,-91.77,OB retest,10552.26
2025.11.21 12:57:40,2025.11.21 15:36:40,XAUUSD,sell,0.3,14949.87,14945.58433,15024.61935,14800.3713,-1.05,-1.56,128.57,MSS confirm,10680.83
2025.11.21 09:33:32,2025.11.21 12:12:32,GBPUSD,buy,0.3,1.29127,-4.06306,1.28481,1.30418,-1.05,-0.83,-160.63,liquidity sweep,10520.2
2025.11.22 13:55:43,2025.11.22 18:37:43,XAUUSD,sell,0.1,9096.27,9081.232,9141.75135,9005.3073,-0.35,-0.32,150.38,breaker block,10670.58
2025.11.22 14:06:43,2025.11.22 16:07:43,NAS100,buy,0.1,12708.44,12695.564,12644.8978,12835.5244,-0.35,-0.84,-128.76,breaker block,10541.82
2025.11.23 12:08:02,2025.11.23 15:34:02,GBPUSD,sell,0.5,1.1613,-2.4909,1.16711,1.14969,-1.75,0.37,182.61,MSS confirm,10724.43
2025.11.24 11:47:46,2025.11.24 14:18:46,NAS100,sell,0.1,13805.92,13819.455,13874.9496,13667.8608,-0.35,-1.46,-135.35,FVG entry,10589.08
2025.11.25 09:06:43,2025.11.25 13:06:43,NAS100,sell,0.1,13255.71,13245.303,13321.98855,13123.1529,-0.35,-0.4,104.07,FVG entry,10693.15
2025.11.26 06:21:15,2025.11.26 08:28:15,GBPUSD,buy,0.3,1.28231,-2.00669,1.2759,1.29513,-1.05,-0.03,-98.67,FVG entry,10594.48
2025.11.27 08:08:34,2025.11.27 10:17:34,NAS100,buy,1.0,6476.11,6475.7764,6443.72945,6540.8711,-3.5,-1.56,-33.36,FVG entry,10561.12
2025.11.27 16:07:47,2025.11.27 21:29:47,NAS100,sell,0.1,14545.13,14530.096,14617.85565,14399.6787,-0.35,0.27,150.34,liquidity sweep,10711.46
2025.11.28 07:03:30,2025.11.28 07:52:30,EURUSD,sell,0.3,1.23249,-4.95018,1.23865,1.22017,-1.05,-1.84,185.48,FVG entry,10896.94
2025.11.28 16:45:20,2025.11.28 17:51:20,NAS100,sell,1.0,14417.08,14414.1767,14489.1654,14272.9092,-3.5,-1.46,290.33,MSS confirm,11187.27
2025.11.29 09:52:29,2025.11.29 11:18:29,NAS100,buy,0.5,1343.6,1348.5496,1336.882,1357.036,-1.75,0.08,247.48,liquidity sweep,11434.75
2025.11.29 05:23:51,2025.11.29 09:01:51,NAS100,buy,0.3,17472.27,17468.467,17384.90865,17646.9927,-1.05,0.35,-114.09,breaker block,11320.66
2025.11.30 17:18:38,2025.11.30 18:21:38,NAS100,buy,0.3,16907.62,16913.21467,16823.0819,17076.6962,-1.05,-1.08,167.84,breaker block,11488.5
2025.12.01 15:54:35,2025.12.01 17:34:35,GBPUSD,buy,0.3,1.26081,-1.59952,1.25451,1.27342,-1.05,-1.23,-85.81,breaker block,11402.69
2025.12.01 06:09:36,2025.12.01 10:48:36,XAUUSD,buy,0.2,7524.51,7521.0105,7486.88745,7599.7551,-0.7,-0.87,-69.99,OB retest,11332.7
2025.12.02 09:49:36,2025.12.02 12:16:36,XAUUSD,buy,0.5,13239.11,13245.591,13172.91445,13371.5011,-1.75,-0.79,324.05,OB retest,11656.75
2025.12.02 11:07:22,2025.12.02 14:37:22,NAS100,sell,1.0,1096.58,1094.9688,1102.0629,1085.6142,-3.5,-1.49,161.12,breaker block,11817.87
2025.12.03 14:18:20,2025.12.03 18:42:20,NAS100,sell,1.0,16667.25,16664.4613,16750.58625,16500.5775,-3.5,0.02,278.87,MSS confirm,12096.74
2025.12.04 12:27:01,2025.12.04 16:08:01,XAUUSD,buy,0.3,2304.35,2300.16533,2292.82825,2327.3935,-1.05,-1.95,-125.54,liquidity sweep,11971.2
2025.12.04 16:29:53,2025.12.04 20:02:53,XAUUSD,sell,1.0,1573.86,1572.2787,1581.7293,1558.1214,-3.5,0.18,158.13,FVG entry,12129.33
2025.12.05 08:04:32,2025.12.05 09:27:32,XAUUSD,buy,0.2,2056.99,2078.639,2046.70505,2077.5599,-0.7,-1.36,432.98,liquidity sweep,12562.31
2025.12.05 07:11:49,2025.12.05 12:08:49,XAUUSD,sell,1.0,6464.84,6466.2748,6497.1642,6400.1916,-3.5,0.43,-143.48,breaker block,12418.83
2025.12.06 10:28:40,2025.12.06 14:27:40,NAS100,sell,0.1,1138.74,1116.451,1144.4337,1127.3526,-0.35,0.08,222.89,breaker block,12641.72
2025.12.06 12:39:38,2025.12.06 16:37:38,XAUUSD,sell,1.0,13037.1,13032.1879,13102.2855,12906.729,-3.5,-1.2,491.21,breaker block,13132.93
2025.12.07 07:28:06,2025.12.07 11:20:06,EURUSD,sell,0.5,1.20722,-1.82738,1.21326,1.19515,-1.75,-0.48,151.73,FVG entry,13284.66
2025.12.07 20:26:49,2025.12.07 22:59:49,NAS100,buy,0.3,14474.95,14482.198,14402.57525,14619.6995,-1.05,-0.36,217.44,liquidity sweep,13502.1
2025.12.09 14:05:37,2025.12.09 19:17:37,XAUUSD,sell,0.1,6192.33,6203.341,6223.29165,6130.4067,-0.35,-1.06,-110.11,liquidity sweep,13391.99
2025.12.10 16:05:41,2025.12.10 20:21:41,XAUUSD,sell,0.2,4531.63,4524.167,4554.28815,4486.3137,-0.7,-1.66,149.26,FVG entry,13541.25
2025.12.10 12:32:49,2025.12.10 13:58:49,XAUUSD,buy,0.2,3617.74,3611.2165,3599.6513,3653.9174,-0.7,-0.27,-130.47,liquidity sweep,13410.78
2025.12.11 22:28:02,2025.12.12 00:35:02,NAS100,buy,1.0,4784.13,4788.7868,4760.20935,4831.9713,-3.5,0.41,465.68,MSS confirm,13876.46
2025.12.12 18:23:43,2025.12.12 22:05:43,GBPUSD,sell,0.2,1.29507,7.90657,1.30155,1.28212,-0.7,0.0,-132.23,MSS confirm,13744.23
2025.12.12 10:55:23,2025.12.12 13:22:23,XAUUSD,buy,0.5,18106.22,18103.6914,18015.6889,18287.2822,-1.75,-1.63,-126.43,breaker block,13617.8
2025.12.13 18:52:28,2025.12.13 19:41:28,EURUSD,buy,0.3,1.11736,8.47869,1.11177,1.12853,-1.05,-1.2,220.84,MSS confirm,13838.64
2025.12.13 14:50:09,2025.12.13 18:47:09,NAS100,sell,1.0,106.02,107.1252,106.5501,104.9598,-3.5,-1.8,-110.52,MSS confirm,13728.12
2025.12.13 16:46:38,2025.12.13 22:21:38,XAUUSD,buy,1.0,9142.82,9144.2835,9097.1059,9234.2482,-3.5,-1.72,146.35,liquidity sweep,13874.47
2025.12.15 12:40:32,2025.12.15 16:21:32,XAUUSD,buy,0.2,13287.76,13300.242,13221.3212,13420.6376,-0.7,-1.79,249.64,liquidity sweep,14124.11
2025.12.16 04:34:32,2025.12.16 07:53:32,EURUSD,buy,0.3,1.27419,-1.31281,1.26782,1.28693,-1.05,-1.11,-77.61,MSS confirm,14046.5
2025.12.16 07:49:37,2025.12.16 09:26:37,XAUUSD,sell,0.5,19616.4,19607.9424,19714.482,19420.236,-1.75,-0.8,422.88,OB retest,14469.38
2025.12.16 05:49:29,2025.12.16 08:35:29,NAS100,buy,1.0,7965.08,7963.9015,7925.2546,8044.7308,-3.5,0.04,-117.85,FVG entry,14351.53
2025.12.17 05:12:18,2025.12.17 08:44:18,NAS100,buy,0.5,17892.86,17900.3866,17803.3957,18071.7886,-1.75,-1.03,376.33,liquidity sweep,14727.86
2025.12.18 10:23:59,2025.12.18 12:03:59,EURUSD,sell,1.0,1.13813,2.17003,1.14382,1.12675,-3.5,-1.74,-103.19,FVG entry,14624.67
2025.12.19 10:38:45,2025.12.19 16:00:45,NAS100,sell,0.5,5491.83,5480.8736,5519.28915,5436.9117,-1.75,0.45,547.82,liquidity sweep,15172.49
2025.12.20 05:25:23,2025.12.20 05:50:23,XAUUSD,buy,0.2,1345.6,1369.076,1338.872,1359.056,-0.7,-0.05,469.52,FVG entry,15642.01
2025.12.21 11:02:38,2025.12.21 15:41:38,NAS100,sell,0.3,7961.28,7946.015,8001.0864,7881.6672,-1.05,-0.38,457.95,liquidity sweep,16099.96
2025.12.21 05:11:31,2025.12.21 10:32:31,XAUUSD,buy,0.3,13879.92,13876.404,13810.5204,14018.7192,-1.05,0.5,-105.48,liquidity sweep,15994.48
2025.12.21 00:28:11,2025.12.21 03:33:11,EURUSD,sell,0.1,1.215,25.834,1.22107,1.20285,-0.35,-1.27,-246.19,FVG entry,15748.29
2025.12.22 08:50:23,2025.12.22 12:02:23,XAUUSD,buy,1.0,11445.98,11444.874,11388.7501,11560.4398,-3.5,-0.83,-110.6,OB retest,15637.69
2025.12.23 00:04:19,2025.12.23 01:16:19,NAS100,sell,0.3,12847.13,12835.81833,12911.36565,12718.6587,-1.05,-0.88,339.35,breaker block,15977.04
2025.12.24 11:40:37,2025.12.24 16:13:37,NAS100,buy,0.2,6083.19,6114.4215,6052.77405,6144.0219,-0.7,-1.6,624.63,MSS confirm,16601.67
2025.12.25 11:57:18,2025.12.25 14:40:18,EURUSD,sell,1.0,1.21004,2.09004,1.21609,1.19794,-3.5,-0.74,-88.0,OB retest,16513.67
2025.12.26 18:10:42,2025.12.26 23:46:42,XAUUSD,sell,1.0,5293.85,5291.0401,5320.31925,5240.9115,-3.5,-1.47,280.99,breaker block,16794.66
2025.12.26 12:31:56,2025.12.26 15:11:56,XAUUSD,sell,0.5,1460.39,1449.2078,1467.69195,1445.7861,-1.75,-1.85,559.11,liquidity sweep,17353.77
2025.12.27 08:21:38,2025.12.27 13:16:38,NAS100,sell,0.1,6383.0,6392.953,6414.915,6319.17,-0.35,-0.83,-99.53,liquidity sweep,17254.24
2025.12.27 07:03:18,2025.12.27 12:06:18,GBPUSD,sell,0.3,1.10695,8.70695,1.11248,1.09588,-1.05,-1.6,-228.0,OB retest,17026.24
2025.12.29 09:31:01,2025.12.29 10:03:01,NAS100,sell,0.1,5627.85,5596.835,5655.98925,5571.5715,-0.35,-0.51,310.15,breaker block,17336.39
2025.12.30 14:34:00,2025.12.30 17:49:00,EURUSD,sell,0.1,1.17017,21.49017,1.17602,1.15847,-0.35,-0.57,-203.2,OB retest,17133.19
2025.12.30 12:24:32,2025.12.30 15:53:32,XAUUSD,sell,0.3,15898.15,15903.655,15977.64075,15739.1685,-1.05,-1.15,-165.15,breaker block,16968.04
2025.12.31 13:38:32,2025.12.31 18:11:32,NAS100,buy,0.5,2979.66,2991.2856,2964.7617,3009.4566,-1.75,0.23,581.28,FVG entry,17549.32
2026.01.01 19:10:25,2026.01.02 00:06:25,GBPUSD,sell,0.3,1.19247,-16.0582,1.19843,1.18055,-1.05,-1.96,517.52,breaker block,18066.84
2026.01.01 03:37:19,2026.01.01 08:41:19,EURUSD,buy,1.0,1.11826,8.38256,1.11267,1.12944,-3.5,-1.87,726.43,breaker block,18793.27
2026.01.02 11:49:53,2026.01.02 15:42:53,NAS100,buy,0.3,8376.19,8387.44567,8334.30905,8459.9519,-1.05,-0.97,337.67,FVG entry,19130.94
2026.01.02 11:58:30,2026.01.02 16:10:30,EURUSD,buy,1.0,1.16305,7.81735,1.15723,1.17468,-3.5,0.39,665.43,OB retest,19796.37
2026.01.03 11:22:43,2026.01.03 14:02:43,EURUSD,sell,0.2,1.33245,-22.68405,1.33911,1.31913,-0.7,0.46,480.33,breaker block,20276.7
2026.01.04 15:20:30,2026.01.04 18:50:30,NAS100,sell,0.3,19092.22,19077.039,19187.6811,18901.2978,-1.05,0.01,455.43,liquidity sweep,20732.13
2026.01.04 07:22:59,2026.01.04 12:17:59,NAS100,sell,0.3,2746.32,2731.10067,2760.0516,2718.8568,-1.05,-0.46,456.58,MSS confirm,21188.71
2026.01.05 11:14:40,2026.01.05 12:32:40,NAS100,buy,0.1,19290.41,19344.09,19193.95795,19483.3141,-0.35,0.44,536.8,MSS confirm,21725.51
2026.01.06 15:30:41,2026.01.06 20:31:41,NAS100,sell,0.2,10703.51,10685.341,10757.02755,10596.4749,-0.7,-0.19,363.38,liquidity sweep,22088.89
2026.01.07 18:26:56,2026.01.07 21:02:56,EURUSD,buy,0.1,1.05278,-17.81422,1.04752,1.06331,-0.35,-0.58,-188.67,MSS confirm,21900.22
2026.01.07 19:29:41,2026.01.07 20:34:41,XAUUSD,sell,0.3,3250.72,3254.81967,3266.9736,3218.2128,-1.05,-0.85,-122.99,OB retest,21777.23
2026.01.07 09:50:18,2026.01.07 13:36:18,XAUUSD,buy,1.0,6559.21,6557.4601,6526.41395,6624.8021,-3.5,-1.0,-174.99,OB retest,21602.24
2026.01.08 20:20:59,2026.01.08 23:02:59,NAS100,sell,1.0,14457.93,14449.4256,14530.21965,14313.3507,-3.5,-1.97,850.44,MSS confirm,22452.68
2026.01.09 12:42:07,2026.01.09 15:29:07,XAUUSD,buy,0.1,12774.59,12742.95,12710.71705,12902.3359,-0.35,0.35,-316.4,MSS confirm,22136.28
2026.01.09 08:30:09,2026.01.09 10:29:09,XAUUSD,sell,0.2,13607.16,13621.2265,13675.1958,13471.0884,-0.7,-0.51,-281.33,MSS confirm,21854.95
2026.01.10 11:45:23,2026.01.10 16:27:23,NAS100,buy,0.2,3291.58,3283.859,3275.1221,3324.4958,-0.7,0.14,-154.42,FVG entry,21700.53
2026.01.11 16:31:05,2026.01.11 17:08:05,EURUSD,sell,1.0,1.18871,-3.43419,1.19465,1.17682,-3.5,0.02,462.29,FVG entry,22162.82
2026.01.12 07:47:13,2026.01.12 08:30:13,XAUUSD,buy,0.5,635.67,644.4618,632.49165,642.0267,-1.75,-0.98,439.59,MSS confirm,22602.41
2026.01.13 15:23:57,2026.01.13 16:39:57,NAS100,sell,0.3,2373.54,2341.14333,2385.4077,2349.8046,-1.05,0.48,971.9,MSS confirm,23574.31
2026.01.13 01:53:00,2026.01.13 03:58:00,EURUSD,sell,0.2,1.18819,11.46619,1.19413,1.17631,-0.7,-1.61,-205.56,MSS confirm,23368.75
2026.01.14 12:02:51,2026.01.14 17:16:51,XAUUSD,buy,0.1,4895.44,4912.919,4870.9628,4944.3944,-0.35,-1.89,174.79,OB retest,23543.54
2026.01.14 07:08:32,2026.01.14 10:00:32,GBPUSD,buy,0.2,1.14053,34.20953,1.13483,1.15194,-0.7,-1.64,661.38,breaker block,24204.92
2026.01.15 09:17:03,2026.01.15 14:54:03,XAUUSD,buy,0.5,15716.31,15721.5986,15637.72845,15873.4731,-1.75,-1.2,264.43,MSS confirm,24469.35
2026.01.16 03:11:48,2026.01.16 03:48:48,XAUUSD,buy,1.0,8254.14,8262.4958,8212.8693,8336.6814,-3.5,-0.96,835.58,OB retest,25304.93
2026.01.17 09:13:21,2026.01.17 11:38:21,XAUUSD,sell,0.5,13473.76,13464.5024,13541.1288,13339.0224,-1.75,-0.49,462.88,liquidity sweep,25767.81
2026.01.18 11:46:42,2026.01.18 12:01:42,XAUUSD,sell,0.2,18743.26,18757.336,18836.9763,18555.8274,-0.7,0.41,-281.52,OB retest,25486.29
2026.01.18 20:58:15,2026.01.19 00:20:15,XAUUSD,buy,0.5,10673.47,10667.9538,10620.10265,10780.2047,-1.75,-1.1,-275.81,MSS confirm,25210.48
2026.01.18 10:29:06,2026.01.18 15:25:06,EURUSD,sell,0.2,1.27238,10.10638,1.27874,1.25966,-0.7,-1.96,-176.68,liquidity sweep,25033.8
2026.01.19 15:18:09,2026.01.19 18:18:09,NAS100,buy,0.3,15267.45,15282.27933,15191.11275,15420.1245,-1.05,-0.78,444.88,MSS confirm,25478.68
2026.01.20 15:10:46,2026.01.20 19:55:46,EURUSD,buy,0.1,1.20718,-28.38582,1.20114,1.21925,-0.35,0.1,-295.93,OB retest,25182.75
2026.01.20 12:48:00,2026.01.20 16:07:00,NAS100,buy,0.1,12357.09,12341.79,12295.30455,12480.6609,-0.35,-0.33,-153.0,FVG entry,25029.75
2026.01.21 10:01:00,2026.01.21 12:35:00,XAUUSD,sell,0.1,10044.82,9976.266,10095.0441,9944.3718,-0.35,-0.26,685.54,FVG entry,25715.29
2026.01.22 18:06:58,2026.01.22 20:30:58,NAS100,buy,0.5,1581.31,1596.5492,1573.40345,1597.1231,-1.75,0.4,761.96,OB retest,26477.25
2026.01.23 08:19:43,2026.01.23 08:55:43,EURUSD,buy,0.1,1.26085,55.84985,1.25455,1.27346,-0.35,-1.79,545.89,FVG entry,27023.14
2026.01.24 14:36:54,2026.01.24 18:47:54,GBPUSD,buy,0.3,1.06397,37.76297,1.05865,1.07461,-1.05,-1.81,1100.97,OB retest,28124.11
2026.01.25 16:42:02,2026.01.25 20:13:02,NAS100,sell,0.1,5986.24,6016.675,6016.1712,5926.3776,-0.35,-0.59,-304.35,FVG entry,27819.76
2026.01.26 16:21:24,2026.01.26 20:12:24,EURUSD,buy,0.2,1.3016,25.5521,1.29509,1.31462,-0.7,-1.15,485.01,FVG entry,28304.77
2026.01.27 20:49:20,2026.01.28 00:38:20,NAS100,sell,0.2,13594.22,13555.2315,13662.1911,13458.2778,-0.7,-0.35,779.77,MSS confirm,29084.54
2026.01.27 13:45:04,2026.01.27 16:35:04,NAS100,buy,0.3,2131.91,2121.27067,2121.25045,2153.2291,-1.05,-1.99,-319.18,MSS confirm,28765.36
2026.01.27 09:06:08,2026.01.27 09:59:08,NAS100,sell,0.3,11084.84,11071.97,11140.2642,10973.9916,-1.05,-0.51,386.1,MSS confirm,29151.46
2026.01.28 12:18:26,2026.01.28 13:52:26,NAS100,buy,0.5,3390.87,3384.369,3373.91565,3424.7787,-1.75,-1.33,-325.05,breaker block,28826.41
2026.01.29 01:27:17,2026.01.29 05:48:17,NAS100,sell,1.0,12333.76,12322.8905,12395.4288,12210.4224,-3.5,-0.86,1086.95,FVG entry,29913.36
2026.01.29 03:21:53,2026.01.29 08:33:53,XAUUSD,sell,0.2,6009.41,5951.846,6039.45705,5949.3159,-0.7,-0.49,1151.28,MSS confirm,31064.64
2026.01.30 08:25:20,2026.01.30 11:54:20,NAS100,sell,0.3,2278.64,2284.673,2290.0332,2255.8536,-1.05,-0.59,-180.99,breaker block,30883.65
2026.01.31 11:01:46,2026.01.31 14:38:46,XAUUSD,buy,0.5,2784.44,2781.0156,2770.5178,2812.2844,-1.75,-1.24,-171.22,MSS confirm,30712.43
2026.01.31 10:50:24,2026.01.31 14:32:24,NAS100,sell,1.0,736.27,726.6151,739.95135,728.9073,-3.5,0.42,965.49,breaker block,31677.92
2026.02.01 16:40:58,2026.02.01 22:18:58,NAS100,buy,0.5,19336.26,19352.5974,19239.5787,19529.6226,-1.75,-1.17,816.87,liquidity sweep,32494.79
2026.02.02 00:16:14,2026.02.02 04:40:14,XAUUSD,buy,0.2,6900.0,6940.7465,6865.5,6969.0,-0.7,-1.94,814.93,MSS confirm,33309.72
2026.02.03 07:07:53,2026.02.03 11:22:53,GBPUSD,buy,0.3,1.19285,17.75852,1.18689,1.20478,-1.05,-0.9,496.97,liquidity sweep,33806.69
2026.02.03 09:02:51,2026.02.03 11:14:51,XAUUSD,buy,1.0,3489.89,3487.8581,3472.44055,3524.7889,-3.5,-1.6,-203.19,liquidity sweep,33603.5
2026.02.04 18:51:25,2026.02.04 22:49:25,XAUUSD,buy,1.0,8591.63,8604.0615,8548.67185,8677.5463,-3.5,-1.99,1243.15,MSS confirm,34846.65
